Id,y,x1,x2,x3,x4,x5
0,-6.822679348103889,0.019999999999999907,0.04999999999999993,-0.09000000000000008,-0.43000000000000005,-0.08000000000000007
1,-6.3262904728858675,-0.13000000000000006,0.10999999999999999,-0.08000000000000007,-0.29000000000000004,-0.030000000000000027
2,-9.30272824505603,0.07999999999999996,0.05999999999999994,-0.07000000000000006,-0.41000000000000003,-0.030000000000000027
3,-7.371892501310936,0.019999999999999907,-0.12000000000000005,0.009999999999999898,-0.43000000000000005,-0.020000000000000018
4,-6.027646998608187,-0.14000000000000007,-0.12000000000000005,-0.08000000000000007,-0.020000000000000018,-0.08000000000000007
5,-8.440890640281712,-0.050000000000000044,-0.16000000000000003,0.0,-0.39,-0.07000000000000006
6,-5.729983440550284,-0.06000000000000005,-0.020000000000000018,-0.08000000000000007,0.08999999999999997,-0.030000000000000027
7,-7.541244754069616,-0.08000000000000007,-0.11000000000000004,0.029999999999999916,-0.36000000000000004,0.019999999999999907
8,-6.704769137004976,-0.010000000000000009,-0.06000000000000005,0.09999999999999998,-0.20000000000000007,-0.07000000000000006
9,-7.484403292679928,-0.16000000000000003,-0.17000000000000004,0.039999999999999925,-0.41000000000000003,0.019999999999999907
10,-2.515994241010595,-0.13000000000000006,-0.17000000000000004,-0.020000000000000018,-0.3500000000000001,-0.030000000000000027
11,-6.160066987782725,-0.14000000000000007,-0.19000000000000006,0.029999999999999916,-0.36000000000000004,-0.040000000000000036
12,-8.335148721572217,-0.16000000000000003,-0.14000000000000007,0.009999999999999898,-0.21000000000000008,-0.030000000000000027
13,-4.596144461969562,0.039999999999999925,-0.16000000000000003,-0.040000000000000036,-0.10000000000000003,-0.030000000000000027
14,-8.738645361084057,0.09999999999999998,-0.010000000000000009,-0.11000000000000004,-0.37000000000000005,-0.10000000000000003
15,-5.841169478178987,-0.10000000000000003,-0.12000000000000005,-0.040000000000000036,-0.45000000000000007,-0.06000000000000005
16,-10.11650710680022,-0.09000000000000008,-0.17000000000000004,-0.06000000000000005,-0.45000000000000007,-0.07000000000000006
17,-8.942558008403669,0.019999999999999907,-0.09000000000000008,-0.020000000000000018,-0.45000000000000007,-0.050000000000000044
18,-5.666826839651965,-0.06000000000000005,-0.22000000000000003,-0.010000000000000009,-0.3500000000000001,-0.07000000000000006
19,-4.844341541747577,0.04999999999999993,0.039999999999999925,-0.010000000000000009,-0.3500000000000001,-0.06000000000000005
20,-5.873288929874774,-0.11000000000000004,-0.16000000000000003,-0.06000000000000005,-0.4,-0.06000000000000005
21,-6.516456269154577,-0.13000000000000006,-0.12000000000000005,-0.08000000000000007,-0.3400000000000001,-0.050000000000000044
22,-7.006822890080013,0.16999999999999993,0.06999999999999995,-0.14000000000000007,-0.26000000000000006,-0.07000000000000006
23,-9.390642760848126,-0.13000000000000006,-0.030000000000000027,-0.040000000000000036,-0.43000000000000005,-0.010000000000000009
24,-7.923957299989576,-0.10000000000000003,-0.030000000000000027,-0.040000000000000036,-0.41000000000000003,0.019999999999999907
25,-7.307446266757434,-0.050000000000000044,-0.050000000000000044,-0.040000000000000036,-0.050000000000000044,-0.020000000000000018
26,-4.296003043446937,0.029999999999999916,-0.11000000000000004,-0.030000000000000027,-0.37000000000000005,0.029999999999999916
27,-5.525157605926452,0.009999999999999898,-0.09000000000000008,0.039999999999999925,-0.38000000000000006,-0.050000000000000044
28,-9.827050839039455,0.06999999999999995,0.10999999999999999,0.009999999999999898,-0.32000000000000006,-0.07000000000000006
29,-5.912627893303651,0.24,0.31999999999999995,-0.20000000000000007,-0.17000000000000004,0.0
30,-7.322459774578725,-0.030000000000000027,-0.020000000000000018,-0.13000000000000006,-0.4600000000000001,0.009999999999999898
31,-8.011461797623262,-0.050000000000000044,-0.050000000000000044,-0.13000000000000006,0.30999999999999994,-0.040000000000000036
32,-5.142764412271794,-0.18000000000000005,0.04999999999999993,0.04999999999999993,-0.44000000000000006,-0.030000000000000027
33,-4.298048798256348,-0.23000000000000004,-0.010000000000000009,-0.050000000000000044,-0.13000000000000006,-0.050000000000000044
34,-4.4413563059246055,0.21999999999999997,0.17999999999999994,-0.14000000000000007,-0.30000000000000004,-0.13000000000000006
35,-7.913648543872708,0.17999999999999994,0.10999999999999999,-0.09000000000000008,-0.22000000000000003,-0.14000000000000007
36,-7.09357002954212,0.15999999999999992,0.04999999999999993,-0.11000000000000004,-0.26000000000000006,-0.020000000000000018
37,-5.667159438672472,-0.16000000000000003,-0.11000000000000004,0.009999999999999898,-0.38000000000000006,0.0
38,-4.420247238267371,0.029999999999999916,-0.030000000000000027,-0.13000000000000006,-0.12000000000000005,-0.06000000000000005
39,-7.304149841863751,0.009999999999999898,-0.030000000000000027,-0.030000000000000027,-0.22000000000000003,-0.030000000000000027
40,-6.923614907506381,0.29999999999999993,0.12,-0.17000000000000004,-0.32000000000000006,-0.020000000000000018
41,-8.696130696139605,0.29999999999999993,0.17999999999999994,-0.050000000000000044,-0.16000000000000003,-0.010000000000000009
42,-8.978564778182921,0.22999999999999998,0.009999999999999898,-0.15000000000000008,-0.28,0.029999999999999916
43,-4.815799792782738,-0.15000000000000008,-0.020000000000000018,-0.17000000000000004,-0.36000000000000004,-0.050000000000000044
44,-3.3631074117189086,-0.19000000000000006,-0.20000000000000007,0.0,-0.38000000000000006,-0.08000000000000007
45,-6.080892980761923,-0.030000000000000027,-0.25000000000000006,0.019999999999999907,-0.17000000000000004,-0.09000000000000008
46,-4.112850468081212,0.17999999999999994,0.18999999999999995,0.019999999999999907,-0.09000000000000008,-0.16000000000000003
47,-5.399220913814192,-0.07000000000000006,-0.17000000000000004,-0.040000000000000036,-0.2700000000000001,-0.08000000000000007
48,-7.779841703335991,0.17999999999999994,0.009999999999999898,-0.050000000000000044,-0.28,0.019999999999999907
49,-5.3649046307920445,-0.14000000000000007,-0.32000000000000006,-0.22000000000000003,-0.4,-0.06000000000000005
50,-3.1462799913537767,-0.08000000000000007,-0.17000000000000004,-0.050000000000000044,-0.3500000000000001,-0.040000000000000036
51,-6.499176525351845,-0.15000000000000008,-0.030000000000000027,-0.11000000000000004,-0.42000000000000004,-0.040000000000000036
52,-3.1926708093143357,-0.11000000000000004,-0.10000000000000003,-0.010000000000000009,-0.13000000000000006,-0.010000000000000009
53,-11.464772711898155,0.0,-0.08000000000000007,0.019999999999999907,-0.29000000000000004,-0.050000000000000044
54,-4.5790516184363135,0.07999999999999996,0.029999999999999916,0.0,-0.33000000000000007,-0.10000000000000003
55,-6.013520995151488,0.07999999999999996,0.0,0.0,-0.3400000000000001,-0.11000000000000004
56,-6.986806811907957,0.09999999999999998,0.05999999999999994,-0.07000000000000006,-0.4600000000000001,-0.07000000000000006
57,-6.14042986187631,-0.030000000000000027,-0.12000000000000005,-0.050000000000000044,-0.23000000000000004,-0.010000000000000009
58,-10.257928555274159,-0.18000000000000005,-0.07000000000000006,-0.030000000000000027,-0.37000000000000005,-0.06000000000000005
59,-6.940062120591736,-0.11000000000000004,0.019999999999999907,-0.08000000000000007,0.10999999999999999,-0.040000000000000036
60,-5.50586001988561,-0.13000000000000006,-0.21000000000000008,-0.040000000000000036,-0.040000000000000036,-0.020000000000000018
61,-3.0756601558394796,-0.19000000000000006,-0.24000000000000005,-0.09000000000000008,-0.38000000000000006,-0.11000000000000004
62,-7.293260669629042,-0.08000000000000007,-0.13000000000000006,-0.050000000000000044,-0.24000000000000005,-0.040000000000000036
63,-7.9741454193421735,-0.15000000000000008,-0.10000000000000003,0.029999999999999916,-0.37000000000000005,0.019999999999999907
64,-7.409501614365444,-0.020000000000000018,-0.08000000000000007,-0.12000000000000005,-0.48000000000000004,-0.040000000000000036
65,-4.498444695645911,0.039999999999999925,-0.09000000000000008,-0.11000000000000004,-0.3400000000000001,-0.050000000000000044
66,-5.694970578461522,-0.22000000000000003,-0.10000000000000003,0.009999999999999898,-0.4700000000000001,-0.010000000000000009
67,-7.3947870040500945,-0.08000000000000007,-0.020000000000000018,-0.010000000000000009,-0.44000000000000006,-0.050000000000000044
68,-5.239060475910293,-0.09000000000000008,-0.17000000000000004,0.029999999999999916,-0.41000000000000003,0.009999999999999898
69,-6.306133419415856,0.25,0.2899999999999999,-0.09000000000000008,-0.19000000000000006,0.0
70,-4.386201842805463,-0.08000000000000007,-0.14000000000000007,-0.040000000000000036,-0.32000000000000006,0.0
71,-7.849468835116105,0.019999999999999907,-0.050000000000000044,-0.07000000000000006,-0.29000000000000004,0.009999999999999898
72,-6.990930676306431,0.039999999999999925,-0.06000000000000005,-0.12000000000000005,0.04999999999999993,-0.09000000000000008
73,-7.111657022370818,-0.11000000000000004,-0.010000000000000009,-0.020000000000000018,0.09999999999999998,-0.09000000000000008
74,-9.02943048131158,-0.10000000000000003,-0.07000000000000006,0.019999999999999907,-0.33000000000000007,-0.12000000000000005
75,-5.444454914007177,-0.07000000000000006,-0.14000000000000007,0.0,-0.010000000000000009,-0.14000000000000007
76,-5.757356130655406,0.06999999999999995,-0.030000000000000027,-0.020000000000000018,-0.16000000000000003,-0.06000000000000005
77,-6.340191065043945,-0.06000000000000005,-0.020000000000000018,-0.030000000000000027,-0.020000000000000018,-0.050000000000000044
78,-6.48174110785606,0.06999999999999995,0.009999999999999898,0.029999999999999916,-0.16000000000000003,-0.18000000000000005
79,-9.145480981963026,-0.13000000000000006,0.009999999999999898,-0.050000000000000044,-0.07000000000000006,-0.08000000000000007
80,-7.126793259549718,-0.08000000000000007,-0.11000000000000004,-0.010000000000000009,-0.06000000000000005,-0.030000000000000027
81,-6.992383282831399,-0.06000000000000005,0.019999999999999907,-0.10000000000000003,-0.10000000000000003,-0.10000000000000003
82,-8.041054244817303,-0.050000000000000044,-0.020000000000000018,0.039999999999999925,0.009999999999999898,0.019999999999999907
83,-6.430105155823965,-0.020000000000000018,-0.040000000000000036,0.06999999999999995,-0.19000000000000006,-0.10000000000000003
84,-5.630906978010185,0.10999999999999999,0.05999999999999994,-0.16000000000000003,-0.13000000000000006,-0.06000000000000005
85,-2.8168708431255713,-0.28,0.019999999999999907,-0.3500000000000001,-0.43000000000000005,-0.050000000000000044
86,-6.120306858127935,-0.17000000000000004,-0.12000000000000005,-0.21000000000000008,-0.4,-0.010000000000000009
87,-5.912855654962396,0.24,0.06999999999999995,-0.11000000000000004,-0.2700000000000001,-0.050000000000000044
88,-6.398202930140456,-0.06000000000000005,-0.040000000000000036,0.029999999999999916,-0.26000000000000006,-0.050000000000000044
89,-10.154750437890334,-0.14000000000000007,-0.09000000000000008,-0.040000000000000036,-0.15000000000000008,-0.030000000000000027
90,-6.243873078845684,-0.20000000000000007,-0.10000000000000003,0.05999999999999994,-0.10000000000000003,-0.050000000000000044
91,-6.120270755929572,-0.10000000000000003,-0.18000000000000005,-0.09000000000000008,-0.3400000000000001,-0.040000000000000036
92,-1.187226514227265,-0.16000000000000003,-0.11000000000000004,0.0,-0.36000000000000004,-0.11000000000000004
93,-6.559284094060944,-0.23000000000000004,-0.13000000000000006,0.07999999999999996,-0.4,-0.040000000000000036
94,-5.770320206767002,-0.07000000000000006,0.04999999999999993,-0.07000000000000006,-0.31000000000000005,-0.06000000000000005
95,-6.322800853583643,-0.18000000000000005,-0.06000000000000005,-0.19000000000000006,-0.30000000000000004,-0.13000000000000006
96,-8.61858680943177,0.1299999999999999,0.1399999999999999,-0.040000000000000036,-0.20000000000000007,-0.10000000000000003
97,-4.33108212486788,0.04999999999999993,0.15999999999999992,-0.17000000000000004,-0.23000000000000004,0.019999999999999907
98,-5.013378343569785,0.21999999999999997,0.18999999999999995,-0.16000000000000003,-0.28,-0.030000000000000027
99,-4.4279456568725415,0.07999999999999996,0.009999999999999898,0.009999999999999898,-0.29000000000000004,-0.19000000000000006
100,-8.163724441299962,-0.20000000000000007,0.019999999999999907,-0.21000000000000008,-0.32000000000000006,-0.12000000000000005
101,-3.5234973023343006,-0.20000000000000007,-0.13000000000000006,-0.17000000000000004,-0.44000000000000006,-0.07000000000000006
102,-8.930459229283006,-0.09000000000000008,-0.040000000000000036,-0.06000000000000005,-0.16000000000000003,-0.15000000000000008
103,-4.661162588583226,-0.08000000000000007,-0.33000000000000007,0.009999999999999898,-0.29000000000000004,-0.08000000000000007
104,-1.7024791510720414,-0.09000000000000008,-0.17000000000000004,-0.010000000000000009,-0.32000000000000006,-0.09000000000000008
105,-8.496836219605514,-0.12000000000000005,0.029999999999999916,-0.20000000000000007,-0.4,-0.040000000000000036
106,-7.3668769756568055,-0.14000000000000007,-0.21000000000000008,-0.020000000000000018,-0.38000000000000006,0.0
107,-6.128342662587848,-0.26000000000000006,0.0,-0.010000000000000009,-0.38000000000000006,-0.06000000000000005
108,-7.579917402348611,0.08999999999999997,0.08999999999999997,-0.040000000000000036,-0.4,0.039999999999999925
109,-9.600895833202031,-0.29000000000000004,0.039999999999999925,-0.08000000000000007,-0.33000000000000007,-0.010000000000000009
110,-6.079239465274217,-0.11000000000000004,-0.15000000000000008,-0.06000000000000005,-0.10000000000000003,-0.06000000000000005
111,-8.530059446434937,-0.12000000000000005,-0.040000000000000036,-0.15000000000000008,-0.33000000000000007,-0.050000000000000044
112,-5.067497692505565,-0.26000000000000006,-0.24000000000000005,0.009999999999999898,-0.37000000000000005,-0.08000000000000007
113,-8.082377594654103,-0.16000000000000003,-0.12000000000000005,-0.07000000000000006,-0.09000000000000008,-0.07000000000000006
114,-3.2656598079750383,-0.11000000000000004,-0.050000000000000044,-0.06000000000000005,-0.4,-0.040000000000000036
115,-7.8531066988006435,-0.11000000000000004,-0.11000000000000004,-0.06000000000000005,0.039999999999999925,-0.07000000000000006
116,-6.9110300705673176,0.029999999999999916,0.10999999999999999,0.0,-0.15000000000000008,-0.09000000000000008
117,-4.5554526112471745,-0.09000000000000008,-0.09000000000000008,0.009999999999999898,-0.08000000000000007,-0.08000000000000007
118,-8.29598354239811,-0.21000000000000008,-0.040000000000000036,-0.08000000000000007,-0.3400000000000001,-0.30000000000000004
119,-5.66520621870309,-0.09000000000000008,-0.15000000000000008,0.09999999999999998,-0.30000000000000004,-0.030000000000000027
120,-3.9040471558637626,0.07999999999999996,0.05999999999999994,-0.2700000000000001,-0.28,-0.050000000000000044
121,-9.536675252407145,-0.010000000000000009,-0.030000000000000027,-0.010000000000000009,-0.10000000000000003,-0.040000000000000036
122,-6.0233363157175805,0.10999999999999999,0.05999999999999994,-0.020000000000000018,-0.13000000000000006,-0.030000000000000027
123,-5.906144387596159,0.029999999999999916,0.039999999999999925,-0.07000000000000006,-0.13000000000000006,-0.030000000000000027
124,-4.9518235858297075,-0.020000000000000018,-0.010000000000000009,-0.22000000000000003,-0.25000000000000006,-0.020000000000000018
125,-8.78131566860079,0.019999999999999907,0.05999999999999994,-0.020000000000000018,-0.39,-0.08000000000000007
126,-8.851389301978326,-0.16000000000000003,-0.18000000000000005,-0.030000000000000027,-0.4,-0.040000000000000036
127,-5.447902432570362,-0.10000000000000003,0.1499999999999999,-0.08000000000000007,-0.030000000000000027,-0.030000000000000027
128,-5.620515110321433,-0.030000000000000027,-0.050000000000000044,-0.010000000000000009,-0.51,-0.11000000000000004
129,-5.590349286262782,-0.15000000000000008,-0.16000000000000003,0.029999999999999916,-0.09000000000000008,-0.08000000000000007
130,-5.583145300885121,-0.06000000000000005,0.07999999999999996,0.009999999999999898,-0.41000000000000003,-0.09000000000000008
131,-7.694287950544336,-0.16000000000000003,0.05999999999999994,-0.040000000000000036,-0.25000000000000006,-0.07000000000000006
132,-5.5840259139562916,0.039999999999999925,-0.06000000000000005,0.009999999999999898,-0.31000000000000005,-0.15000000000000008
133,-5.777299821425842,0.05999999999999994,-0.050000000000000044,-0.040000000000000036,-0.14000000000000007,-0.020000000000000018
134,-7.795905362555563,-0.21000000000000008,0.019999999999999907,-0.020000000000000018,-0.4,-0.050000000000000044
135,-2.6940256385498196,-0.22000000000000003,-0.020000000000000018,-0.06000000000000005,-0.3500000000000001,-0.020000000000000018
136,-5.489396444397372,-0.17000000000000004,0.019999999999999907,-0.06000000000000005,-0.30000000000000004,-0.020000000000000018
137,-8.785477978874068,-0.08000000000000007,-0.020000000000000018,-0.06000000000000005,-0.39,-0.030000000000000027
138,-4.743925036745911,-0.2700000000000001,-0.24000000000000005,0.019999999999999907,-0.41000000000000003,-0.06000000000000005
139,-8.160819747515205,-0.09000000000000008,-0.24000000000000005,0.07999999999999996,-0.26000000000000006,0.06999999999999995
140,-4.610231960762252,-0.17000000000000004,-0.09000000000000008,0.0,-0.4,-0.09000000000000008
141,-4.058492786625472,0.019999999999999907,-0.08000000000000007,-0.050000000000000044,-0.09000000000000008,-0.010000000000000009
142,-7.805918744638623,0.07999999999999996,0.039999999999999925,0.009999999999999898,-0.37000000000000005,-0.13000000000000006
143,-4.31254338572558,-0.19000000000000006,-0.10000000000000003,-0.16000000000000003,-0.29000000000000004,-0.11000000000000004
144,-5.597092254299343,-0.13000000000000006,0.009999999999999898,-0.030000000000000027,-0.4,-0.020000000000000018
145,-4.515362321517676,-0.28,-0.19000000000000006,0.04999999999999993,-0.4700000000000001,-0.040000000000000036
146,-2.403927147403192,0.029999999999999916,-0.08000000000000007,-0.06000000000000005,-0.42000000000000004,-0.11000000000000004
147,-6.921967030241736,-0.17000000000000004,-0.010000000000000009,-0.08000000000000007,-0.25000000000000006,-0.020000000000000018
148,-7.750948400684072,-0.30000000000000004,-0.20000000000000007,-0.09000000000000008,-0.22000000000000003,-0.030000000000000027
149,-7.9052343007311885,-0.050000000000000044,-0.22000000000000003,-0.06000000000000005,-0.37000000000000005,-0.06000000000000005
150,-7.913929879127039,0.019999999999999907,-0.06000000000000005,-0.06000000000000005,-0.44000000000000006,-0.08000000000000007
151,-6.41921242620008,-0.12000000000000005,-0.17000000000000004,-0.030000000000000027,-0.42000000000000004,-0.020000000000000018
152,-5.506005603920193,-0.15000000000000008,-0.17000000000000004,-0.12000000000000005,-0.22000000000000003,-0.08000000000000007
153,-5.752084493075438,-0.11000000000000004,-0.13000000000000006,-0.050000000000000044,-0.32000000000000006,-0.020000000000000018
154,-4.85045213993758,-0.20000000000000007,0.12,-0.10000000000000003,-0.4,-0.030000000000000027
155,-6.131443984155252,-0.14000000000000007,-0.25000000000000006,-0.06000000000000005,-0.41000000000000003,-0.030000000000000027
156,-3.292934187377657,-0.14000000000000007,-0.13000000000000006,0.0,-0.4600000000000001,-0.07000000000000006
157,-7.0366619275483036,0.10999999999999999,0.1499999999999999,-0.040000000000000036,0.08999999999999997,-0.030000000000000027
158,-0.7829581601433766,-0.07000000000000006,-0.09000000000000008,-0.030000000000000027,-0.4,-0.08000000000000007
159,-5.29546955622504,0.1499999999999999,0.029999999999999916,-0.08000000000000007,-0.13000000000000006,0.029999999999999916
160,-7.825070556196865,-0.16000000000000003,-0.14000000000000007,0.1499999999999999,-0.3500000000000001,-0.020000000000000018
161,-8.252540439486525,-0.16000000000000003,-0.14000000000000007,0.1499999999999999,-0.3500000000000001,-0.020000000000000018
162,-5.377548742255061,-0.020000000000000018,-0.07000000000000006,-0.07000000000000006,-0.36000000000000004,-0.040000000000000036
163,-6.826337555652356,-0.14000000000000007,-0.050000000000000044,-0.06000000000000005,-0.44000000000000006,-0.040000000000000036
164,-4.980717171135892,0.009999999999999898,-0.050000000000000044,-0.030000000000000027,-0.38000000000000006,0.0
165,-5.520104536355091,-0.21000000000000008,-0.11000000000000004,-0.13000000000000006,-0.45000000000000007,0.0
166,-6.417308486704552,-0.14000000000000007,-0.14000000000000007,-0.14000000000000007,-0.36000000000000004,-0.07000000000000006
167,-8.144504405939685,-0.30000000000000004,-0.06000000000000005,-0.23000000000000004,-0.28,-0.050000000000000044
168,-9.31896554476417,-0.17000000000000004,-0.14000000000000007,-0.18000000000000005,-0.16000000000000003,-0.07000000000000006
169,-7.3397878866391295,-0.30000000000000004,-0.12000000000000005,-0.26000000000000006,-0.45000000000000007,-0.050000000000000044
170,-4.5417109721040845,-0.25000000000000006,-0.12000000000000005,-0.030000000000000027,-0.33000000000000007,-0.050000000000000044
171,-5.931275738693748,-0.08000000000000007,0.04999999999999993,-0.12000000000000005,-0.36000000000000004,-0.09000000000000008
172,-8.720642699549256,0.09999999999999998,-0.11000000000000004,-0.06000000000000005,-0.33000000000000007,-0.07000000000000006
173,-5.8801882429859695,-0.3500000000000001,-0.15000000000000008,-0.010000000000000009,-0.45000000000000007,-0.06000000000000005
174,-5.733409128804087,-0.18000000000000005,0.12,-0.12000000000000005,-0.11000000000000004,-0.030000000000000027
175,-8.011728253258166,-0.12000000000000005,-0.18000000000000005,-0.08000000000000007,-0.24000000000000005,-0.030000000000000027
176,-5.763642071303896,-0.25000000000000006,-0.25000000000000006,0.0,-0.23000000000000004,-0.040000000000000036
177,-5.977891459644778,-0.07000000000000006,-0.25000000000000006,-0.07000000000000006,-0.21000000000000008,-0.050000000000000044
178,-8.387731282620972,-0.18000000000000005,-0.19000000000000006,0.0,-0.3500000000000001,-0.07000000000000006
179,-5.4931832168355665,-0.17000000000000004,-0.16000000000000003,-0.030000000000000027,0.10999999999999999,-0.09000000000000008
180,-4.893400116904738,-0.32000000000000006,-0.22000000000000003,0.1299999999999999,-0.38000000000000006,-0.040000000000000036
181,-4.021443772590481,-0.07000000000000006,-0.13000000000000006,-0.050000000000000044,-0.43000000000000005,-0.09000000000000008
182,-4.0169178111265005,-0.020000000000000018,-0.18000000000000005,-0.040000000000000036,-0.38000000000000006,-0.08000000000000007
183,-9.165483310206202,-0.13000000000000006,0.009999999999999898,-0.030000000000000027,-0.030000000000000027,-0.030000000000000027
184,-8.355296491119127,-0.08000000000000007,0.07999999999999996,0.04999999999999993,-0.33000000000000007,0.039999999999999925
185,-5.35820524038939,-0.25000000000000006,-0.010000000000000009,-0.040000000000000036,-0.39,-0.040000000000000036
186,-5.4131180328004564,-0.24000000000000005,0.009999999999999898,-0.06000000000000005,-0.41000000000000003,-0.030000000000000027
187,-5.3850529890905685,-0.24000000000000005,-0.14000000000000007,-0.040000000000000036,-0.32000000000000006,0.039999999999999925
188,1.3328582368124344,0.029999999999999916,-0.06000000000000005,-0.040000000000000036,-0.28,-0.010000000000000009
189,-5.249536976136309,-0.19000000000000006,-0.14000000000000007,-0.050000000000000044,-0.45000000000000007,0.009999999999999898
190,-4.1783469392888115,0.18999999999999995,0.1399999999999999,-0.18000000000000005,-0.29000000000000004,-0.07000000000000006
191,-4.716658148156731,0.04999999999999993,0.15999999999999992,-0.25000000000000006,-0.23000000000000004,0.0
192,-4.976918003332491,-0.12000000000000005,-0.14000000000000007,0.039999999999999925,-0.3500000000000001,0.009999999999999898
193,-7.053864567416072,-0.040000000000000036,-0.050000000000000044,-0.050000000000000044,-0.020000000000000018,-0.010000000000000009
194,-4.919902319209331,0.06999999999999995,0.0,-0.11000000000000004,0.019999999999999907,-0.050000000000000044
195,-7.774331006874836,-0.040000000000000036,0.0,-0.020000000000000018,-0.030000000000000027,-0.11000000000000004
196,-6.745448991303388,0.019999999999999907,0.019999999999999907,0.019999999999999907,-0.07000000000000006,-0.07000000000000006
197,-7.5615229514312166,0.15999999999999992,0.05999999999999994,-0.22000000000000003,-0.2700000000000001,0.0
198,-6.424105221340803,0.15999999999999992,0.04999999999999993,-0.19000000000000006,-0.26000000000000006,0.009999999999999898
199,-1.6421567272739042,-0.10000000000000003,-0.13000000000000006,-0.18000000000000005,-0.23000000000000004,-0.08000000000000007
200,-10.157205227983315,0.009999999999999898,0.009999999999999898,-0.12000000000000005,-0.19000000000000006,-0.040000000000000036
201,-4.4217506851577655,-0.14000000000000007,-0.25000000000000006,0.05999999999999994,-0.44000000000000006,-0.16000000000000003
202,-9.569068871968692,-0.07000000000000006,-0.10000000000000003,-0.11000000000000004,-0.11000000000000004,-0.040000000000000036
203,-7.3645333526528445,-0.14000000000000007,0.019999999999999907,-0.15000000000000008,0.08999999999999997,-0.10000000000000003
204,-4.318187308811211,0.029999999999999916,0.04999999999999993,-0.22000000000000003,-0.3400000000000001,-0.050000000000000044
205,-6.355734912055319,-0.040000000000000036,0.20999999999999996,-0.18000000000000005,-0.22000000000000003,-0.050000000000000044
206,-8.35872098599938,-0.06000000000000005,-0.040000000000000036,0.039999999999999925,-0.050000000000000044,-0.08000000000000007
207,-7.589969924475806,-0.07000000000000006,0.039999999999999925,-0.13000000000000006,0.0,-0.20000000000000007
208,-4.745596941409267,-0.06000000000000005,-0.15000000000000008,-0.12000000000000005,-0.06000000000000005,-0.14000000000000007
209,-7.715579745702177,-0.06000000000000005,-0.16000000000000003,0.0,0.1399999999999999,-0.06000000000000005
210,-5.869925255401271,-0.19000000000000006,0.019999999999999907,-0.12000000000000005,-0.050000000000000044,-0.12000000000000005
211,-6.223838484310935,-0.010000000000000009,-0.11000000000000004,-0.11000000000000004,-0.020000000000000018,-0.06000000000000005
212,-7.630232655334647,0.10999999999999999,0.12,-0.10000000000000003,-0.2700000000000001,-0.10000000000000003
213,-2.002356539120556,-0.030000000000000027,-0.050000000000000044,-0.10000000000000003,-0.28,-0.08000000000000007
214,-5.219427862028264,-0.21000000000000008,0.09999999999999998,-0.07000000000000006,-0.3500000000000001,-0.020000000000000018
215,-10.285582667603233,-0.040000000000000036,-0.16000000000000003,0.039999999999999925,-0.44000000000000006,-0.010000000000000009
216,-5.901532308544515,0.20999999999999996,0.22999999999999998,0.019999999999999907,-0.33000000000000007,-0.08000000000000007
217,-7.639937609262161,-0.09000000000000008,-0.10000000000000003,0.029999999999999916,-0.07000000000000006,0.0
218,-4.808943793436428,0.16999999999999993,0.2699999999999999,-0.13000000000000006,-0.26000000000000006,-0.010000000000000009
219,-7.964490903210677,0.21999999999999997,0.17999999999999994,0.019999999999999907,-0.31000000000000005,-0.030000000000000027
220,-6.764909214014317,0.1399999999999999,0.08999999999999997,-0.020000000000000018,-0.28,0.039999999999999925
221,-5.433867320794474,-0.09000000000000008,-0.020000000000000018,-0.19000000000000006,-0.42000000000000004,-0.06000000000000005
222,-4.52808509985335,0.0,-0.040000000000000036,-0.08000000000000007,-0.39,-0.10000000000000003
223,-8.32230758846917,0.009999999999999898,-0.15000000000000008,0.029999999999999916,-0.32000000000000006,-0.16000000000000003
224,-6.647258452316669,0.0,-0.15000000000000008,0.019999999999999907,-0.3500000000000001,-0.14000000000000007
225,-7.373819239415782,0.019999999999999907,0.0,-0.11000000000000004,-0.44000000000000006,-0.050000000000000044
226,-7.185478272984188,-0.030000000000000027,-0.18000000000000005,0.09999999999999998,-0.31000000000000005,-0.13000000000000006
227,-2.3349903582873193,-0.22000000000000003,-0.20000000000000007,-0.020000000000000018,-0.45000000000000007,-0.20000000000000007
228,-5.674782147538168,0.1299999999999999,0.04999999999999993,-0.18000000000000005,-0.29000000000000004,-0.040000000000000036
229,-8.61072428237768,-0.19000000000000006,-0.030000000000000027,0.039999999999999925,-0.37000000000000005,-0.14000000000000007
230,-4.431570203216282,-0.15000000000000008,-0.11000000000000004,-0.030000000000000027,-0.39,-0.050000000000000044
231,-2.020877811979685,-0.25000000000000006,-0.10000000000000003,-0.020000000000000018,-0.040000000000000036,-0.06000000000000005
232,-4.38072168913396,-0.20000000000000007,-0.19000000000000006,-0.23000000000000004,-0.42000000000000004,0.009999999999999898
233,-9.354851724225483,0.2599999999999999,0.21999999999999997,-0.07000000000000006,-0.33000000000000007,-0.10000000000000003
234,-7.247685291980311,0.2599999999999999,0.18999999999999995,-0.020000000000000018,-0.33000000000000007,-0.10000000000000003
235,-3.6271334571145704,-0.15000000000000008,-0.050000000000000044,0.019999999999999907,-0.41000000000000003,-0.11000000000000004
236,-7.5969563621405936,-0.18000000000000005,-0.050000000000000044,0.18999999999999995,-0.39,-0.010000000000000009
237,-5.293978574610575,-0.18000000000000005,-0.050000000000000044,0.18999999999999995,-0.39,-0.010000000000000009
238,-4.7153140126283315,-0.030000000000000027,-0.12000000000000005,-0.050000000000000044,-0.23000000000000004,-0.040000000000000036
239,-8.180032545615445,-0.10000000000000003,-0.020000000000000018,0.1499999999999999,-0.41000000000000003,0.029999999999999916
240,-6.4440216343473935,-0.16000000000000003,0.0,-0.08000000000000007,-0.42000000000000004,-0.09000000000000008
241,-12.719333435672254,-0.030000000000000027,-0.030000000000000027,0.039999999999999925,-0.43000000000000005,-0.07000000000000006
242,-8.330613228281008,-0.14000000000000007,0.009999999999999898,0.15999999999999992,-0.3400000000000001,0.009999999999999898
243,-6.489926737661079,-0.11000000000000004,-0.29000000000000004,0.009999999999999898,-0.20000000000000007,-0.040000000000000036
244,-8.582656934172466,-0.36000000000000004,-0.30000000000000004,-0.040000000000000036,-0.42000000000000004,-0.030000000000000027
245,-3.0557128488749763,-0.050000000000000044,-0.030000000000000027,-0.010000000000000009,-0.42000000000000004,-0.050000000000000044
246,-9.346636365934824,-0.12000000000000005,0.12,-0.11000000000000004,-0.050000000000000044,-0.040000000000000036
247,-6.847343572642093,-0.29000000000000004,-0.17000000000000004,0.09999999999999998,-0.45000000000000007,-0.12000000000000005
248,-6.099609831796221,-0.010000000000000009,-0.14000000000000007,-0.22000000000000003,-0.26000000000000006,-0.040000000000000036
249,-3.543169464615318,-0.22000000000000003,-0.14000000000000007,-0.26000000000000006,-0.33000000000000007,-0.030000000000000027
250,-9.201816374959051,-0.12000000000000005,-0.030000000000000027,-0.040000000000000036,-0.33000000000000007,-0.050000000000000044
251,-4.056282314591051,0.029999999999999916,0.019999999999999907,0.0,-0.3500000000000001,-0.020000000000000018
252,-5.887125241723312,-0.17000000000000004,-0.28,-0.10000000000000003,-0.44000000000000006,-0.15000000000000008
253,-8.174351666068524,0.0,-0.13000000000000006,-0.020000000000000018,-0.4,-0.06000000000000005
254,-5.660932532689938,-0.20000000000000007,0.12,-0.18000000000000005,-0.48000000000000004,-0.030000000000000027
255,-5.4043557538594,-0.29000000000000004,-0.20000000000000007,0.039999999999999925,-0.23000000000000004,-0.19000000000000006
256,-7.273185573282743,-0.21000000000000008,-0.16000000000000003,0.029999999999999916,-0.3400000000000001,-0.09000000000000008
257,-5.979171783196937,-0.14000000000000007,-0.24000000000000005,-0.06000000000000005,-0.3500000000000001,-0.050000000000000044
258,-6.5376198769821485,-0.33000000000000007,-0.36000000000000004,-0.030000000000000027,-0.36000000000000004,-0.12000000000000005
259,-6.051090550417298,-0.010000000000000009,-0.020000000000000018,0.0,-0.3400000000000001,-0.06000000000000005
260,-4.686886758654964,-0.20000000000000007,-0.32000000000000006,-0.07000000000000006,-0.4,-0.050000000000000044
261,-2.961520995961248,-0.18000000000000005,-0.08000000000000007,0.029999999999999916,-0.3400000000000001,-0.10000000000000003
262,-8.817626935153982,0.24,-0.10000000000000003,-0.06000000000000005,-0.41000000000000003,-0.030000000000000027
263,-2.101510832500681,0.039999999999999925,0.0,-0.09000000000000008,-0.36000000000000004,-0.06000000000000005
264,-9.645870648652366,-0.15000000000000008,-0.32000000000000006,-0.020000000000000018,-0.30000000000000004,-0.15000000000000008
265,-6.773714146060754,-0.09000000000000008,0.08999999999999997,-0.020000000000000018,0.05999999999999994,-0.030000000000000027
266,-4.940296834536107,-0.13000000000000006,-0.17000000000000004,-0.020000000000000018,-0.42000000000000004,-0.09000000000000008
267,-5.725430946705357,-0.06000000000000005,-0.050000000000000044,-0.040000000000000036,-0.4700000000000001,-0.08000000000000007
268,-7.698368019089834,-0.030000000000000027,0.04999999999999993,-0.040000000000000036,-0.3500000000000001,-0.010000000000000009
269,-6.756852739802969,-0.020000000000000018,-0.14000000000000007,-0.15000000000000008,-0.4,-0.040000000000000036
270,-7.131850095956367,-0.10000000000000003,-0.21000000000000008,-0.030000000000000027,-0.4,-0.050000000000000044
271,-7.579766196164636,-0.10000000000000003,-0.13000000000000006,-0.07000000000000006,0.22999999999999998,-0.07000000000000006
272,-4.7754520597332775,-0.050000000000000044,-0.010000000000000009,-0.21000000000000008,-0.4,-0.050000000000000044
273,-5.6438906206468475,0.0,-0.040000000000000036,-0.010000000000000009,-0.37000000000000005,-0.020000000000000018
274,-7.369192352328458,0.04999999999999993,-0.26000000000000006,0.029999999999999916,-0.44000000000000006,-0.07000000000000006
275,-4.503460650623335,-0.19000000000000006,-0.030000000000000027,-0.10000000000000003,-0.33000000000000007,-0.09000000000000008
276,-5.974237776401785,0.2699999999999999,0.019999999999999907,-0.23000000000000004,-0.52,-0.030000000000000027
277,-4.700512889887685,-0.17000000000000004,-0.11000000000000004,-0.030000000000000027,-0.38000000000000006,-0.020000000000000018
278,-5.032397631787553,-0.040000000000000036,-0.020000000000000018,-0.06000000000000005,-0.3500000000000001,-0.08000000000000007
279,-7.785280524253228,-0.21000000000000008,-0.17000000000000004,0.009999999999999898,-0.45000000000000007,-0.08000000000000007
280,-7.595546350858555,-0.20000000000000007,-0.07000000000000006,-0.26000000000000006,-0.3400000000000001,-0.040000000000000036
281,-5.077068750227429,0.21999999999999997,0.1399999999999999,-0.24000000000000005,-0.33000000000000007,-0.030000000000000027
282,-5.085296047403336,-0.010000000000000009,-0.10000000000000003,-0.030000000000000027,-0.45000000000000007,-0.040000000000000036
283,-6.483893240300206,-0.11000000000000004,0.0,-0.020000000000000018,-0.24000000000000005,0.009999999999999898
284,-6.215966898944157,-0.11000000000000004,0.0,-0.030000000000000027,-0.24000000000000005,0.009999999999999898
285,-3.8459949703335177,-0.2700000000000001,-0.13000000000000006,-0.16000000000000003,-0.41000000000000003,-0.030000000000000027
286,-7.60442827407477,-0.040000000000000036,0.18999999999999995,-0.19000000000000006,-0.42000000000000004,-0.10000000000000003
287,-5.3590727199929535,0.1499999999999999,0.0,-0.17000000000000004,-0.29000000000000004,-0.040000000000000036
288,-6.9431536345537905,0.019999999999999907,0.039999999999999925,-0.13000000000000006,-0.44000000000000006,-0.010000000000000009
289,-6.8542210484752575,-0.020000000000000018,0.08999999999999997,-0.07000000000000006,-0.22000000000000003,-0.040000000000000036
290,-4.258692620317962,0.009999999999999898,0.029999999999999916,-0.12000000000000005,-0.4,-0.040000000000000036
291,-4.856931727657074,0.029999999999999916,0.019999999999999907,-0.10000000000000003,-0.37000000000000005,0.0
292,-4.908879493653801,0.36,0.04999999999999993,-0.16000000000000003,-0.3400000000000001,-0.020000000000000018
293,-3.867457326794555,-0.010000000000000009,0.0,-0.11000000000000004,-0.42000000000000004,-0.020000000000000018
294,-6.4099264463556045,0.06999999999999995,0.04999999999999993,-0.15000000000000008,-0.3400000000000001,-0.050000000000000044
295,-5.091209956909715,0.019999999999999907,-0.030000000000000027,-0.18000000000000005,-0.38000000000000006,-0.040000000000000036
296,-6.914635182850709,-0.20000000000000007,-0.10000000000000003,-0.13000000000000006,-0.37000000000000005,-0.08000000000000007
297,-5.664184428576548,-0.24000000000000005,-0.09000000000000008,-0.010000000000000009,-0.44000000000000006,-0.040000000000000036
298,-6.512363684848595,-0.22000000000000003,-0.18000000000000005,-0.11000000000000004,-0.37000000000000005,-0.050000000000000044
299,-6.269901517824921,0.05999999999999994,0.019999999999999907,-0.10000000000000003,-0.43000000000000005,-0.030000000000000027
300,-5.323553116955878,-0.030000000000000027,0.12,-0.14000000000000007,-0.37000000000000005,-0.030000000000000027
301,-7.970195889924043,0.16999999999999993,-0.010000000000000009,-0.15000000000000008,-0.4,-0.10000000000000003
302,-2.2568865268925826,-0.010000000000000009,-0.10000000000000003,-0.10000000000000003,-0.25000000000000006,0.019999999999999907
303,-8.474220057283576,-0.21000000000000008,0.039999999999999925,-0.09000000000000008,-0.43000000000000005,-0.040000000000000036
304,-8.875319679650179,0.20999999999999996,0.24,-0.050000000000000044,-0.16000000000000003,-0.020000000000000018
305,-4.0124851633271295,0.20999999999999996,0.30999999999999994,-0.09000000000000008,-0.19000000000000006,-0.08000000000000007
306,-4.816762651458518,-0.21000000000000008,-0.10000000000000003,-0.07000000000000006,-0.41000000000000003,-0.010000000000000009
307,-5.100066635329365,-0.13000000000000006,-0.050000000000000044,-0.08000000000000007,-0.42000000000000004,-0.06000000000000005
308,-5.142292825968037,0.009999999999999898,0.04999999999999993,-0.11000000000000004,-0.30000000000000004,-0.06000000000000005
309,-6.518414439865909,0.06999999999999995,0.05999999999999994,-0.14000000000000007,-0.44000000000000006,-0.040000000000000036
310,-8.017820362714701,-0.31000000000000005,-0.16000000000000003,-0.050000000000000044,-0.38000000000000006,-0.06000000000000005
311,-6.3298911611262625,0.0,0.05999999999999994,-0.030000000000000027,-0.32000000000000006,0.009999999999999898
312,-7.764792460177469,0.019999999999999907,0.039999999999999925,-0.050000000000000044,-0.32000000000000006,-0.030000000000000027
313,-4.378075096845224,0.1499999999999999,0.029999999999999916,-0.030000000000000027,-0.41000000000000003,-0.07000000000000006
314,-6.657061129792445,-0.10000000000000003,-0.21000000000000008,-0.23000000000000004,-0.39,-0.010000000000000009
315,-8.006079024867379,-0.020000000000000018,-0.010000000000000009,-0.14000000000000007,-0.3400000000000001,-0.08000000000000007
316,-6.981027249685694,-0.17000000000000004,-0.12000000000000005,-0.28,-0.44000000000000006,-0.10000000000000003
317,-5.438998007808963,-0.23000000000000004,-0.12000000000000005,-0.07000000000000006,-0.48000000000000004,-0.08000000000000007
318,-7.336495812976745,0.25,0.2599999999999999,-0.15000000000000008,-0.20000000000000007,-0.17000000000000004
319,-8.059583400472954,0.1299999999999999,0.039999999999999925,-0.050000000000000044,-0.43000000000000005,-0.040000000000000036
320,-5.945616754118846,-0.10000000000000003,-0.08000000000000007,-0.12000000000000005,-0.3500000000000001,-0.010000000000000009
321,-5.661426264913619,-0.21000000000000008,-0.20000000000000007,0.009999999999999898,-0.39,-0.040000000000000036
322,-7.56258212975332,0.17999999999999994,0.15999999999999992,-0.09000000000000008,-0.31000000000000005,0.009999999999999898
323,-7.457086788424215,-0.020000000000000018,0.009999999999999898,-0.040000000000000036,-0.37000000000000005,0.029999999999999916
324,-5.94189231627013,-0.14000000000000007,-0.040000000000000036,-0.16000000000000003,-0.39,-0.06000000000000005
325,-9.452252034490702,0.35,0.20999999999999996,-0.22000000000000003,-0.09000000000000008,-0.040000000000000036
326,-9.28900231475101,0.25,0.33999999999999997,-0.17000000000000004,-0.15000000000000008,-0.030000000000000027
327,-7.687341877995687,-0.11000000000000004,-0.16000000000000003,0.0,-0.42000000000000004,-0.020000000000000018
328,-6.627517913909479,-0.09000000000000008,-0.09000000000000008,0.019999999999999907,-0.4,-0.07000000000000006
329,-5.560936383046696,-0.15000000000000008,-0.17000000000000004,-0.050000000000000044,-0.040000000000000036,-0.07000000000000006
330,-3.420036533671841,-0.19000000000000006,-0.22000000000000003,-0.24000000000000005,-0.3400000000000001,0.0
331,-4.735570195603881,0.1299999999999999,0.039999999999999925,-0.06000000000000005,-0.25000000000000006,-0.010000000000000009
332,-6.824314780015781,-0.21000000000000008,0.0,-0.20000000000000007,-0.26000000000000006,-0.030000000000000027
333,-6.674469576220935,0.2799999999999999,0.09999999999999998,-0.20000000000000007,0.21999999999999997,-0.07000000000000006
334,-8.377646806586739,-0.050000000000000044,0.019999999999999907,-0.020000000000000018,-0.2700000000000001,-0.030000000000000027
335,-6.1267381021137775,-0.19000000000000006,-0.13000000000000006,0.05999999999999994,-0.29000000000000004,-0.08000000000000007
336,-7.029442884373581,-0.010000000000000009,0.09999999999999998,0.009999999999999898,-0.24000000000000005,0.009999999999999898
337,-5.690535751976424,-0.08000000000000007,-0.21000000000000008,-0.14000000000000007,-0.3500000000000001,0.009999999999999898
338,-8.045412083304882,0.05999999999999994,0.019999999999999907,-0.040000000000000036,-0.41000000000000003,-0.040000000000000036
339,-4.752053998784983,0.0,0.029999999999999916,-0.030000000000000027,-0.4,-0.32000000000000006
340,-3.3756452663796326,-0.12000000000000005,-0.050000000000000044,-0.19000000000000006,-0.41000000000000003,-0.050000000000000044
341,-6.408938485524891,-0.12000000000000005,-0.12000000000000005,-0.07000000000000006,-0.41000000000000003,-0.10000000000000003
342,-5.463420123078821,-0.06000000000000005,-0.06000000000000005,-0.08000000000000007,-0.39,-0.09000000000000008
343,-5.039555905482024,0.039999999999999925,0.039999999999999925,-0.07000000000000006,-0.26000000000000006,-0.030000000000000027
344,-7.279167057592466,-0.07000000000000006,-0.10000000000000003,-0.22000000000000003,-0.3500000000000001,-0.010000000000000009
345,-5.9463168833894695,-0.21000000000000008,0.12,0.009999999999999898,-0.16000000000000003,-0.030000000000000027
346,-6.562844567860967,0.1399999999999999,0.1299999999999999,-0.13000000000000006,-0.23000000000000004,0.019999999999999907
347,-5.782257903419921,-0.33000000000000007,-0.26000000000000006,0.019999999999999907,-0.3400000000000001,-0.08000000000000007
348,-7.759611947395045,-0.11000000000000004,-0.14000000000000007,-0.040000000000000036,-0.36000000000000004,-0.06000000000000005
349,-6.152193241858515,-0.050000000000000044,-0.21000000000000008,-0.10000000000000003,-0.41000000000000003,-0.050000000000000044
350,-5.242019722162937,-0.14000000000000007,-0.17000000000000004,-0.09000000000000008,-0.43000000000000005,-0.06000000000000005
351,-3.315127135256897,-0.24000000000000005,-0.18000000000000005,-0.040000000000000036,-0.36000000000000004,-0.040000000000000036
352,-4.354511436614135,0.029999999999999916,0.08999999999999997,-0.040000000000000036,-0.26000000000000006,-0.10000000000000003
353,-2.1908471412225,-0.15000000000000008,-0.040000000000000036,-0.15000000000000008,-0.45000000000000007,-0.020000000000000018
354,-7.69572129033994,-0.19000000000000006,-0.23000000000000004,-0.06000000000000005,-0.44000000000000006,-0.050000000000000044
355,-4.66112340148855,-0.11000000000000004,0.0,-0.07000000000000006,-0.39,-0.040000000000000036
356,-5.942485196126452,0.0,-0.020000000000000018,0.029999999999999916,-0.42000000000000004,-0.040000000000000036
357,-1.727789017703695,-0.25000000000000006,-0.25000000000000006,-0.020000000000000018,-0.38000000000000006,-0.040000000000000036
358,-7.939525265040119,-0.29000000000000004,-0.050000000000000044,-0.09000000000000008,-0.21000000000000008,-0.07000000000000006
359,-7.868519049907601,-0.020000000000000018,0.0,0.009999999999999898,-0.38000000000000006,-0.11000000000000004
360,-7.561353748833482,-0.39,-0.18000000000000005,-0.11000000000000004,-0.4700000000000001,-0.020000000000000018
361,-10.442715326675573,-0.13000000000000006,-0.050000000000000044,-0.020000000000000018,-0.41000000000000003,-0.11000000000000004
362,-7.13728366191576,0.039999999999999925,-0.16000000000000003,0.029999999999999916,-0.38000000000000006,-0.08000000000000007
363,-7.98099761409742,0.35,0.1299999999999999,0.009999999999999898,-0.11000000000000004,0.0
364,-5.9424683251417765,-0.18000000000000005,-0.09000000000000008,-0.030000000000000027,-0.44000000000000006,-0.08000000000000007
365,-5.636027724620724,0.029999999999999916,-0.13000000000000006,-0.040000000000000036,-0.37000000000000005,-0.010000000000000009
366,-2.6876713923490216,0.07999999999999996,-0.030000000000000027,-0.11000000000000004,-0.43000000000000005,-0.030000000000000027
367,-4.347603017957638,-0.07000000000000006,-0.25000000000000006,-0.22000000000000003,-0.43000000000000005,-0.040000000000000036
368,-7.498704907602206,-0.040000000000000036,-0.050000000000000044,-0.050000000000000044,-0.44000000000000006,-0.050000000000000044
369,-8.162444363510122,-0.07000000000000006,-0.13000000000000006,-0.08000000000000007,-0.41000000000000003,-0.010000000000000009
370,-5.348056386503506,-0.07000000000000006,-0.09000000000000008,-0.040000000000000036,-0.4,-0.030000000000000027
371,-8.865312355034213,-0.08000000000000007,-0.17000000000000004,-0.07000000000000006,-0.38000000000000006,-0.050000000000000044
372,-2.4680418976163567,-0.12000000000000005,-0.22000000000000003,-0.010000000000000009,-0.38000000000000006,-0.040000000000000036
373,-3.921322242951328,-0.13000000000000006,-0.020000000000000018,0.019999999999999907,-0.4,-0.06000000000000005
374,-7.139261562596386,-0.07000000000000006,-0.14000000000000007,-0.020000000000000018,-0.39,-0.06000000000000005
375,-9.769590968086856,-0.22000000000000003,0.09999999999999998,-0.050000000000000044,-0.4,-0.09000000000000008
376,-3.550078594503188,-0.36000000000000004,-0.22000000000000003,-0.23000000000000004,-0.4600000000000001,-0.08000000000000007
377,-6.689071806244481,0.17999999999999994,-0.030000000000000027,-0.06000000000000005,-0.48000000000000004,-0.010000000000000009
378,-4.005659636068246,0.1299999999999999,-0.08000000000000007,-0.18000000000000005,-0.41000000000000003,-0.010000000000000009
379,-9.477684887216665,-0.26000000000000006,-0.06000000000000005,-0.09000000000000008,-0.45000000000000007,-0.10000000000000003
380,-7.558397636915435,-0.12000000000000005,-0.050000000000000044,-0.08000000000000007,-0.18000000000000005,-0.040000000000000036
381,-6.251273649876904,-0.25000000000000006,-0.11000000000000004,-0.06000000000000005,-0.39,-0.07000000000000006
382,-6.106313035004373,-0.010000000000000009,-0.15000000000000008,0.0,-0.3500000000000001,-0.040000000000000036
383,-6.961690793026918,-0.16000000000000003,-0.22000000000000003,-0.040000000000000036,-0.39,-0.09000000000000008
384,-5.135526535371795,-0.16000000000000003,-0.08000000000000007,-0.06000000000000005,-0.39,-0.020000000000000018
385,-8.315414323312893,0.019999999999999907,-0.08000000000000007,0.0,-0.4600000000000001,-0.10000000000000003
386,-6.458319983977327,0.019999999999999907,-0.08000000000000007,0.0,-0.44000000000000006,-0.10000000000000003
387,-6.063705958824242,0.019999999999999907,-0.11000000000000004,-0.08000000000000007,-0.32000000000000006,-0.040000000000000036
388,-5.185370730982177,0.019999999999999907,-0.15000000000000008,-0.050000000000000044,-0.30000000000000004,-0.050000000000000044
389,-4.854026015163338,-0.15000000000000008,0.039999999999999925,-0.030000000000000027,-0.2700000000000001,-0.09000000000000008
390,-8.529437005724564,0.1299999999999999,-0.06000000000000005,-0.07000000000000006,-0.14000000000000007,-0.07000000000000006
391,-9.374069192837936,-0.18000000000000005,-0.07000000000000006,0.04999999999999993,-0.43000000000000005,-0.020000000000000018
392,-3.8672136628598888,0.039999999999999925,-0.08000000000000007,-0.12000000000000005,-0.040000000000000036,-0.020000000000000018
393,-5.124907932010036,-0.09000000000000008,-0.07000000000000006,0.06999999999999995,-0.39,-0.25000000000000006
394,-7.7309257260006055,-0.28,-0.050000000000000044,-0.010000000000000009,-0.45000000000000007,-0.10000000000000003
395,-3.2973239534371985,0.0,0.009999999999999898,0.06999999999999995,-0.17000000000000004,0.029999999999999916
396,-6.013666434798544,-0.3500000000000001,-0.18000000000000005,-0.07000000000000006,-0.4,-0.050000000000000044
397,-3.9899022849076875,-0.10000000000000003,0.009999999999999898,0.009999999999999898,-0.41000000000000003,-0.040000000000000036
398,-6.197836413463685,-0.13000000000000006,-0.14000000000000007,-0.020000000000000018,-0.3400000000000001,0.009999999999999898
399,-2.3354015973611277,0.009999999999999898,0.029999999999999916,-0.06000000000000005,0.019999999999999907,-0.030000000000000027
400,-2.592754957843705,-0.08000000000000007,-0.22000000000000003,-0.09000000000000008,-0.42000000000000004,-0.09000000000000008
401,-6.529377939530972,-0.21000000000000008,-0.16000000000000003,-0.030000000000000027,-0.38000000000000006,-0.14000000000000007
402,-4.266252005313242,-0.09000000000000008,-0.11000000000000004,-0.030000000000000027,0.05999999999999994,-0.10000000000000003
403,-5.139136240381027,-0.030000000000000027,-0.13000000000000006,-0.09000000000000008,-0.41000000000000003,0.019999999999999907
404,-3.601701167587383,-0.10000000000000003,-0.11000000000000004,0.0,-0.4,0.0
405,-8.168002815857147,-0.12000000000000005,-0.14000000000000007,0.05999999999999994,-0.42000000000000004,-0.010000000000000009
406,-4.564301122414724,-0.19000000000000006,-0.22000000000000003,0.019999999999999907,-0.32000000000000006,-0.12000000000000005
407,-3.819555068712427,-0.19000000000000006,-0.22000000000000003,0.019999999999999907,-0.32000000000000006,-0.12000000000000005
408,-9.41928853197822,-0.17000000000000004,-0.17000000000000004,-0.010000000000000009,-0.040000000000000036,-0.19000000000000006
409,-8.26832658446354,-0.17000000000000004,-0.17000000000000004,-0.010000000000000009,-0.040000000000000036,-0.19000000000000006
410,-10.48155900224688,-0.08000000000000007,-0.10000000000000003,-0.18000000000000005,-0.2700000000000001,-0.030000000000000027
411,-6.964762448084475,-0.08000000000000007,0.009999999999999898,-0.06000000000000005,-0.4700000000000001,-0.040000000000000036
412,-4.9510843154340165,0.04999999999999993,0.009999999999999898,-0.11000000000000004,-0.3500000000000001,-0.06000000000000005
413,-3.2722325284416374,0.0,-0.12000000000000005,0.0,-0.37000000000000005,-0.020000000000000018
414,-6.409628319568248,-0.050000000000000044,0.06999999999999995,-0.26000000000000006,-0.21000000000000008,-0.030000000000000027
415,-3.3157661071598814,-0.030000000000000027,0.12,-0.22000000000000003,-0.14000000000000007,-0.020000000000000018
416,-8.494537806791277,-0.19000000000000006,-0.3400000000000001,0.07999999999999996,-0.21000000000000008,-0.09000000000000008
417,-9.621177246773314,-0.050000000000000044,-0.08000000000000007,0.019999999999999907,-0.3400000000000001,-0.06000000000000005
418,-6.226163047414366,-0.07000000000000006,-0.19000000000000006,0.029999999999999916,-0.39,-0.050000000000000044
419,-5.446281470184391,-0.050000000000000044,-0.08000000000000007,0.019999999999999907,-0.3400000000000001,-0.06000000000000005
420,-6.353929721468127,-0.030000000000000027,-0.030000000000000027,-0.030000000000000027,-0.39,-0.07000000000000006
421,-10.500165954607647,-0.2700000000000001,0.12,-0.09000000000000008,-0.30000000000000004,-0.09000000000000008
422,-6.556517241880982,-0.06000000000000005,-0.11000000000000004,-0.07000000000000006,-0.41000000000000003,-0.010000000000000009
423,-8.834287253807378,-0.23000000000000004,-0.28,-0.25000000000000006,-0.32000000000000006,-0.030000000000000027
424,-5.252841832040151,0.2899999999999999,0.2899999999999999,-0.26000000000000006,-0.25000000000000006,-0.010000000000000009
425,-5.237339907089784,-0.13000000000000006,-0.17000000000000004,-0.050000000000000044,-0.28,-0.16000000000000003
426,-8.307924889944225,0.04999999999999993,-0.020000000000000018,-0.07000000000000006,-0.4,-0.020000000000000018
427,-7.124378512131747,-0.22000000000000003,-0.21000000000000008,0.04999999999999993,-0.37000000000000005,-0.040000000000000036
428,-8.34040752914272,-0.010000000000000009,-0.030000000000000027,0.0,-0.2700000000000001,-0.08000000000000007
429,-6.469096940346073,0.09999999999999998,0.05999999999999994,-0.040000000000000036,-0.39,-0.07000000000000006
430,-4.378626151341909,-0.12000000000000005,-0.15000000000000008,0.019999999999999907,-0.36000000000000004,0.009999999999999898
431,-8.480225260990068,-0.19000000000000006,0.05999999999999994,-0.22000000000000003,-0.31000000000000005,-0.050000000000000044
432,-5.479572067832459,-0.11000000000000004,0.0,-0.050000000000000044,0.07999999999999996,-0.020000000000000018
433,-7.4610298446338135,-0.18000000000000005,-0.10000000000000003,-0.040000000000000036,0.18999999999999995,-0.06000000000000005
434,-8.006663593743095,0.04999999999999993,-0.020000000000000018,-0.07000000000000006,-0.37000000000000005,-0.020000000000000018
435,-6.516066257042512,-0.12000000000000005,-0.030000000000000027,-0.040000000000000036,-0.19000000000000006,-0.06000000000000005
436,-8.372490181972145,-0.12000000000000005,-0.030000000000000027,-0.040000000000000036,-0.19000000000000006,-0.06000000000000005
437,-7.196705155995705,-0.24000000000000005,-0.22000000000000003,0.04999999999999993,-0.39,-0.040000000000000036
438,-8.480585748044458,-0.22000000000000003,-0.22000000000000003,0.04999999999999993,-0.38000000000000006,-0.040000000000000036
439,-2.5915054009240337,-0.050000000000000044,0.12,-0.07000000000000006,0.029999999999999916,-0.020000000000000018
440,-6.075950245961377,-0.15000000000000008,-0.26000000000000006,-0.07000000000000006,-0.28,-0.020000000000000018
441,-7.631709529442865,-0.15000000000000008,-0.13000000000000006,-0.06000000000000005,-0.28,-0.06000000000000005
442,-6.014493502921034,-0.26000000000000006,-0.06000000000000005,-0.22000000000000003,-0.30000000000000004,-0.050000000000000044
443,-6.528880551256231,-0.07000000000000006,-0.16000000000000003,-0.22000000000000003,-0.30000000000000004,-0.06000000000000005
444,-6.8045434420311866,-0.22000000000000003,-0.16000000000000003,-0.26000000000000006,-0.33000000000000007,-0.050000000000000044
445,-5.181044372282079,-0.13000000000000006,-0.12000000000000005,-0.26000000000000006,-0.38000000000000006,-0.050000000000000044
446,-4.821277213269749,-0.13000000000000006,-0.11000000000000004,-0.19000000000000006,-0.44000000000000006,-0.08000000000000007
447,-7.576439981767899,-0.11000000000000004,0.009999999999999898,-0.26000000000000006,-0.39,-0.050000000000000044
448,-7.667074167836204,-0.11000000000000004,0.009999999999999898,-0.26000000000000006,-0.39,-0.050000000000000044
449,-7.006189231356727,-0.14000000000000007,-0.12000000000000005,-0.23000000000000004,-0.39,-0.020000000000000018
450,-10.870255683380757,-0.040000000000000036,-0.06000000000000005,-0.030000000000000027,-0.4600000000000001,-0.08000000000000007
451,-9.422574064305905,-0.030000000000000027,0.0,-0.07000000000000006,-0.10000000000000003,-0.040000000000000036
452,-3.6855227469430223,-0.11000000000000004,-0.020000000000000018,-0.020000000000000018,0.05999999999999994,-0.030000000000000027
453,-2.8751666207271906,-0.050000000000000044,-0.13000000000000006,0.06999999999999995,-0.38000000000000006,-0.040000000000000036
454,-6.861568213333281,-0.050000000000000044,-0.040000000000000036,-0.08000000000000007,-0.06000000000000005,-0.050000000000000044
455,-5.1789323248654915,-0.010000000000000009,-0.07000000000000006,-0.06000000000000005,-0.10000000000000003,-0.040000000000000036
456,-5.67938006065986,-0.06000000000000005,-0.10000000000000003,-0.040000000000000036,-0.4,-0.040000000000000036
457,-0.18261052647529574,-0.06000000000000005,-0.030000000000000027,-0.11000000000000004,-0.12000000000000005,-0.07000000000000006
458,-4.174152785517812,-0.11000000000000004,0.029999999999999916,-0.030000000000000027,0.17999999999999994,-0.09000000000000008
459,-6.6266479260037014,0.009999999999999898,0.04999999999999993,-0.010000000000000009,0.10999999999999999,-0.08000000000000007
460,-8.119155198690033,-0.020000000000000018,-0.11000000000000004,0.05999999999999994,-0.43000000000000005,-0.040000000000000036
461,-9.505383216237915,0.10999999999999999,-0.050000000000000044,-0.030000000000000027,-0.28,-0.050000000000000044
462,-5.920961785621916,-0.21000000000000008,-0.07000000000000006,-0.09000000000000008,-0.3400000000000001,-0.06000000000000005
463,-7.475437901070414,-0.09000000000000008,0.06999999999999995,0.09999999999999998,-0.11000000000000004,-0.19000000000000006
464,-8.985267172630724,-0.050000000000000044,-0.22000000000000003,-0.13000000000000006,-0.38000000000000006,-0.08000000000000007
465,-7.506229033853407,0.0,-0.11000000000000004,0.029999999999999916,-0.42000000000000004,-0.050000000000000044
466,-8.149131326880322,-0.11000000000000004,-0.18000000000000005,0.029999999999999916,-0.38000000000000006,-0.12000000000000005
467,-2.946696195876532,-0.13000000000000006,-0.050000000000000044,0.039999999999999925,-0.31000000000000005,-0.010000000000000009
468,-4.792298925439306,-0.09000000000000008,0.029999999999999916,-0.13000000000000006,-0.43000000000000005,0.0
469,-6.427998823812673,-0.16000000000000003,-0.11000000000000004,-0.14000000000000007,-0.39,-0.020000000000000018
470,-3.7410087304171737,0.32999999999999996,0.25,-0.20000000000000007,0.1499999999999999,-0.010000000000000009
471,-6.041335216637729,0.019999999999999907,-0.010000000000000009,-0.040000000000000036,-0.3400000000000001,-0.12000000000000005
472,-8.158622392112,0.029999999999999916,0.009999999999999898,-0.10000000000000003,-0.42000000000000004,-0.040000000000000036
473,-3.288764732657364,-0.07000000000000006,-0.15000000000000008,-0.24000000000000005,-0.3500000000000001,-0.06000000000000005
474,-5.35184442444526,-0.21000000000000008,-0.030000000000000027,-0.21000000000000008,-0.23000000000000004,-0.06000000000000005
475,-7.3066566702603435,-0.14000000000000007,-0.24000000000000005,0.04999999999999993,-0.43000000000000005,-0.42000000000000004
476,-6.813881007815336,-0.06000000000000005,-0.10000000000000003,-0.14000000000000007,-0.24000000000000005,0.0
477,-8.310057129058803,0.12,-0.06000000000000005,-0.13000000000000006,-0.29000000000000004,0.04999999999999993
478,-8.958449883503881,-0.06000000000000005,-0.11000000000000004,-0.07000000000000006,-0.26000000000000006,-0.09000000000000008
479,-4.419433347592347,-0.10000000000000003,-0.15000000000000008,-0.06000000000000005,-0.12000000000000005,-0.030000000000000027
480,-2.560075184668766,-0.24000000000000005,-0.20000000000000007,-0.22000000000000003,-0.37000000000000005,-0.010000000000000009
481,-9.093152577081545,-0.16000000000000003,-0.050000000000000044,-0.14000000000000007,-0.43000000000000005,-0.11000000000000004
482,-5.3061985361459545,0.1399999999999999,0.16999999999999993,-0.19000000000000006,-0.19000000000000006,-0.08000000000000007
483,-7.826054096490636,0.25,0.19999999999999996,-0.24000000000000005,-0.19000000000000006,-0.050000000000000044
484,-7.548321536688697,0.08999999999999997,0.04999999999999993,-0.17000000000000004,-0.26000000000000006,0.009999999999999898
485,-7.5940467446593125,-0.09000000000000008,-0.13000000000000006,-0.21000000000000008,-0.24000000000000005,-0.020000000000000018
486,-7.540068012793024,-0.14000000000000007,-0.31000000000000005,0.039999999999999925,-0.42000000000000004,-0.11000000000000004
487,-6.108232626760261,-0.33000000000000007,-0.22000000000000003,-0.15000000000000008,-0.28,-0.06000000000000005
488,-8.217148728222211,0.2899999999999999,0.0,-0.23000000000000004,-0.18000000000000005,-0.010000000000000009
489,-5.45094152334422,-0.22000000000000003,-0.25000000000000006,0.039999999999999925,-0.19000000000000006,-0.06000000000000005
490,-6.498554204898156,0.029999999999999916,-0.030000000000000027,-0.09000000000000008,-0.30000000000000004,-0.030000000000000027
491,-7.151525450256714,0.10999999999999999,0.06999999999999995,-0.22000000000000003,-0.15000000000000008,0.039999999999999925
492,-8.360597952607101,0.1399999999999999,0.16999999999999993,-0.18000000000000005,-0.20000000000000007,-0.020000000000000018
493,-7.384154420690192,-0.020000000000000018,-0.050000000000000044,-0.020000000000000018,-0.040000000000000036,-0.09000000000000008
494,-4.766766337998762,-0.030000000000000027,-0.06000000000000005,-0.020000000000000018,0.0,-0.07000000000000006
495,-5.523930954961298,0.2799999999999999,0.06999999999999995,-0.18000000000000005,-0.33000000000000007,-0.030000000000000027
496,-8.320350408242684,0.32999999999999996,0.20999999999999996,-0.20000000000000007,-0.22000000000000003,-0.12000000000000005
497,-6.0451402327861965,-0.08000000000000007,-0.13000000000000006,-0.11000000000000004,-0.39,-0.08000000000000007
498,-4.544219115853518,-0.20000000000000007,-0.21000000000000008,-0.09000000000000008,-0.3400000000000001,-0.12000000000000005
499,-9.677482812594752,0.009999999999999898,-0.07000000000000006,-0.08000000000000007,-0.4,-0.050000000000000044
500,-5.207211129614019,-0.13000000000000006,-0.040000000000000036,-0.030000000000000027,-0.040000000000000036,-0.07000000000000006
501,-8.016627959060706,-0.18000000000000005,-0.07000000000000006,-0.020000000000000018,0.43999999999999995,-0.06000000000000005
502,-4.836436384212721,-0.13000000000000006,-0.24000000000000005,0.0,-0.29000000000000004,-0.09000000000000008
503,-7.483944111070805,0.2799999999999999,0.30999999999999994,-0.11000000000000004,-0.020000000000000018,-0.28
504,-9.972206314998536,-0.29000000000000004,0.0,0.0,-0.38000000000000006,-0.040000000000000036
505,-9.66283479046471,0.32999999999999996,0.2599999999999999,0.039999999999999925,-0.07000000000000006,-0.010000000000000009
506,-6.286371494905738,0.29999999999999993,0.36,-0.06000000000000005,-0.19000000000000006,-0.030000000000000027
507,-5.974698434454876,-0.19000000000000006,-0.010000000000000009,-0.2700000000000001,-0.24000000000000005,-0.050000000000000044
508,-7.829710534054797,0.30999999999999994,0.2699999999999999,0.009999999999999898,-0.20000000000000007,-0.20000000000000007
509,-4.967999458185664,-0.13000000000000006,-0.11000000000000004,-0.020000000000000018,-0.42000000000000004,-0.06000000000000005
510,-9.644182829449566,-0.040000000000000036,-0.08000000000000007,-0.020000000000000018,-0.28,-0.020000000000000018
511,-6.684224453892687,0.20999999999999996,0.039999999999999925,-0.14000000000000007,-0.23000000000000004,0.009999999999999898
512,-8.772701960712556,0.19999999999999996,0.17999999999999994,0.0,-0.22000000000000003,-0.050000000000000044
513,-7.834765867396114,0.019999999999999907,0.19999999999999996,-0.16000000000000003,-0.19000000000000006,-0.020000000000000018
514,-6.490877009788437,0.3799999999999999,0.039999999999999925,-0.23000000000000004,-0.07000000000000006,-0.020000000000000018
515,-7.7613342669570935,-0.20000000000000007,-0.12000000000000005,0.009999999999999898,-0.38000000000000006,-0.14000000000000007
516,-7.143109008187064,-0.14000000000000007,-0.050000000000000044,-0.17000000000000004,-0.3400000000000001,-0.07000000000000006
517,-4.1885249913063225,-0.040000000000000036,-0.08000000000000007,0.019999999999999907,-0.010000000000000009,-0.08000000000000007
518,-7.379014677452928,-0.14000000000000007,-0.24000000000000005,-0.08000000000000007,-0.4,-0.010000000000000009
519,-4.415714116659075,-0.13000000000000006,-0.18000000000000005,-0.050000000000000044,-0.32000000000000006,-0.10000000000000003
520,-8.667457577280487,-0.08000000000000007,0.009999999999999898,-0.040000000000000036,0.04999999999999993,-0.050000000000000044
521,-5.215339840328819,0.2699999999999999,-0.030000000000000027,-0.040000000000000036,-0.36000000000000004,-0.08000000000000007
522,-3.3253792871622423,-0.20000000000000007,-0.22000000000000003,-0.10000000000000003,-0.37000000000000005,-0.040000000000000036
523,-11.246161621546072,-0.050000000000000044,-0.13000000000000006,-0.09000000000000008,-0.37000000000000005,-0.040000000000000036
524,-8.06875213546962,-0.020000000000000018,-0.020000000000000018,-0.07000000000000006,-0.42000000000000004,0.0
525,-5.108345151790203,-0.12000000000000005,-0.15000000000000008,-0.12000000000000005,-0.43000000000000005,-0.07000000000000006
526,-6.751371575206264,-0.040000000000000036,0.05999999999999994,-0.020000000000000018,-0.37000000000000005,-0.06000000000000005
527,-5.533836619952185,-0.10000000000000003,-0.16000000000000003,-0.18000000000000005,-0.38000000000000006,-0.07000000000000006
528,-7.456800990522135,0.12,-0.06000000000000005,-0.010000000000000009,0.08999999999999997,-0.10000000000000003
529,-6.153339217815912,-0.030000000000000027,-0.12000000000000005,-0.09000000000000008,-0.3400000000000001,-0.030000000000000027
530,-6.699533443677632,-0.08000000000000007,-0.08000000000000007,-0.06000000000000005,-0.09000000000000008,-0.010000000000000009
531,-3.5265542919115473,-0.10000000000000003,-0.42000000000000004,-0.20000000000000007,-0.3500000000000001,-0.06000000000000005
532,-5.772626247002745,-0.06000000000000005,-0.11000000000000004,-0.08000000000000007,-0.39,-0.06000000000000005
533,-5.795832715766598,-0.12000000000000005,-0.030000000000000027,-0.13000000000000006,-0.39,-0.020000000000000018
534,-7.164986813585936,-0.10000000000000003,-0.09000000000000008,-0.10000000000000003,-0.4,-0.050000000000000044
535,-7.262461336193334,-0.040000000000000036,-0.07000000000000006,0.009999999999999898,0.009999999999999898,-0.050000000000000044
536,-7.154396335429078,0.05999999999999994,0.07999999999999996,0.0,-0.36000000000000004,-0.08000000000000007
537,-5.462845762309418,-0.10000000000000003,-0.24000000000000005,0.019999999999999907,-0.39,0.04999999999999993
538,-7.199435577724314,0.21999999999999997,-0.08000000000000007,-0.09000000000000008,-0.26000000000000006,-0.030000000000000027
539,-5.585021764479184,-0.07000000000000006,0.05999999999999994,0.08999999999999997,-0.38000000000000006,-0.10000000000000003
540,-2.0077052887469904,-0.06000000000000005,-0.22000000000000003,0.05999999999999994,-0.37000000000000005,0.009999999999999898
541,-4.601428509367645,-0.17000000000000004,-0.19000000000000006,-0.23000000000000004,-0.33000000000000007,-0.030000000000000027
542,-6.787115927229707,-0.17000000000000004,-0.19000000000000006,0.0,-0.41000000000000003,-0.06000000000000005
543,-3.792027067610575,-0.23000000000000004,-0.19000000000000006,-0.020000000000000018,-0.28,-0.030000000000000027
544,-7.139957163758387,-0.17000000000000004,-0.19000000000000006,-0.23000000000000004,-0.33000000000000007,-0.040000000000000036
545,-10.274403924642204,-0.23000000000000004,-0.18000000000000005,-0.030000000000000027,-0.30000000000000004,-0.040000000000000036
546,-8.263503027225973,-0.08000000000000007,-0.050000000000000044,0.009999999999999898,-0.32000000000000006,-0.06000000000000005
547,-10.14220582473075,-0.06000000000000005,0.05999999999999994,-0.020000000000000018,0.09999999999999998,-0.07000000000000006
548,-7.068794510227737,-0.09000000000000008,-0.020000000000000018,-0.020000000000000018,-0.08000000000000007,-0.030000000000000027
549,-6.326800392477152,0.15999999999999992,0.019999999999999907,-0.14000000000000007,-0.28,-0.08000000000000007
550,-3.001295888288005,-0.15000000000000008,-0.15000000000000008,-0.050000000000000044,-0.37000000000000005,0.009999999999999898
551,-5.847376533801892,0.25,0.08999999999999997,-0.040000000000000036,-0.15000000000000008,0.009999999999999898
552,-6.575512178579543,-0.06000000000000005,-0.07000000000000006,-0.040000000000000036,-0.36000000000000004,-0.13000000000000006
553,-3.576397201154955,-0.38000000000000006,-0.08000000000000007,-0.10000000000000003,-0.44000000000000006,-0.56
554,-10.552475301206432,-0.30000000000000004,-0.18000000000000005,-0.040000000000000036,-0.20000000000000007,-0.08000000000000007
555,-5.8362793662309445,-0.030000000000000027,-0.050000000000000044,-0.050000000000000044,-0.45000000000000007,-0.07000000000000006
556,-4.879852516570525,0.019999999999999907,-0.07000000000000006,-0.06000000000000005,-0.15000000000000008,0.009999999999999898
557,-9.414915673382996,0.05999999999999994,0.039999999999999925,-0.09000000000000008,-0.4,-0.030000000000000027
558,-4.141524250881567,0.12,0.019999999999999907,-0.050000000000000044,-0.37000000000000005,-0.020000000000000018
559,-5.6595821695115625,-0.16000000000000003,-0.040000000000000036,-0.030000000000000027,-0.040000000000000036,-0.050000000000000044
560,-7.168971240372652,-0.050000000000000044,-0.09000000000000008,-0.15000000000000008,-0.12000000000000005,-0.06000000000000005
561,-5.162653222637199,0.15999999999999992,0.0,-0.16000000000000003,-0.30000000000000004,-0.050000000000000044
562,-1.7622436989580432,-0.07000000000000006,-0.12000000000000005,-0.11000000000000004,-0.3400000000000001,-0.050000000000000044
563,-5.859165718363942,-0.24000000000000005,-0.09000000000000008,-0.010000000000000009,-0.31000000000000005,-0.07000000000000006
564,-5.871508788666645,-0.10000000000000003,0.009999999999999898,-0.040000000000000036,-0.28,-0.040000000000000036
565,-7.2171853466814495,-0.030000000000000027,-0.08000000000000007,-0.11000000000000004,-0.12000000000000005,-0.07000000000000006
566,-8.118502517388098,-0.07000000000000006,-0.08000000000000007,-0.10000000000000003,0.06999999999999995,-0.040000000000000036
567,-4.73968224048356,0.1399999999999999,-0.030000000000000027,-0.14000000000000007,-0.3400000000000001,-0.050000000000000044
568,-8.182005625416197,0.12,0.12,-0.07000000000000006,-0.41000000000000003,-0.030000000000000027
569,-6.369853389465268,-0.09000000000000008,0.039999999999999925,-0.21000000000000008,-0.3500000000000001,-0.040000000000000036
570,-7.272064200726525,-0.010000000000000009,-0.07000000000000006,-0.11000000000000004,-0.38000000000000006,-0.07000000000000006
571,-5.237801640696172,-0.16000000000000003,-0.030000000000000027,0.04999999999999993,-0.3500000000000001,-0.08000000000000007
572,-5.717493348351692,0.009999999999999898,-0.12000000000000005,-0.14000000000000007,-0.36000000000000004,-0.020000000000000018
573,-4.149576107994074,-0.16000000000000003,-0.09000000000000008,-0.08000000000000007,-0.38000000000000006,-0.10000000000000003
574,-7.39256048836849,-0.22000000000000003,-0.020000000000000018,-0.020000000000000018,-0.43000000000000005,-0.040000000000000036
575,-6.819523040454733,-0.13000000000000006,0.2699999999999999,-0.010000000000000009,-0.36000000000000004,-0.09000000000000008
576,-8.4299886918541,-0.010000000000000009,0.08999999999999997,-0.06000000000000005,-0.28,-0.010000000000000009
577,-7.1116589051692,-0.2700000000000001,-0.10000000000000003,-0.020000000000000018,-0.29000000000000004,-0.07000000000000006
578,-5.179687376478074,-0.10000000000000003,-0.14000000000000007,0.039999999999999925,-0.3500000000000001,-0.16000000000000003
579,-4.651904173791182,0.24,0.25,-0.010000000000000009,-0.21000000000000008,-0.14000000000000007
580,-8.195117657540825,0.22999999999999998,0.17999999999999994,-0.07000000000000006,-0.23000000000000004,-0.08000000000000007
581,-4.4772271932314505,-0.11000000000000004,-0.08000000000000007,0.06999999999999995,0.10999999999999999,-0.08000000000000007
582,-3.7021874622649316,0.09999999999999998,-0.040000000000000036,-0.040000000000000036,-0.12000000000000005,0.0
583,-5.3713818150432315,-0.06000000000000005,-0.07000000000000006,0.029999999999999916,-0.09000000000000008,-0.07000000000000006
584,-2.6313208396455123,-0.020000000000000018,-0.040000000000000036,-0.020000000000000018,-0.36000000000000004,-0.010000000000000009
585,-7.682042809758553,-0.19000000000000006,-0.25000000000000006,-0.030000000000000027,-0.4,-0.030000000000000027
586,-8.440549007995369,-0.13000000000000006,-0.17000000000000004,0.029999999999999916,-0.43000000000000005,-0.15000000000000008
587,-9.847503551492077,-0.08000000000000007,-0.09000000000000008,-0.020000000000000018,-0.010000000000000009,-0.050000000000000044
588,-3.50065489077372,0.039999999999999925,0.029999999999999916,-0.11000000000000004,-0.33000000000000007,-0.010000000000000009
589,-5.265642257353667,-0.11000000000000004,0.16999999999999993,-0.09000000000000008,0.08999999999999997,-0.020000000000000018
590,-6.539126727084419,0.09999999999999998,-0.020000000000000018,-0.07000000000000006,-0.4,-0.020000000000000018
591,-5.644285911051351,-0.10000000000000003,-0.010000000000000009,0.04999999999999993,-0.43000000000000005,-0.09000000000000008
592,-8.532766381104492,-0.14000000000000007,-0.06000000000000005,-0.030000000000000027,-0.3400000000000001,-0.06000000000000005
593,-1.6554870973869864,0.09999999999999998,0.09999999999999998,-0.24000000000000005,-0.020000000000000018,-0.050000000000000044
594,-6.197395876456109,0.17999999999999994,0.0,-0.21000000000000008,-0.20000000000000007,-0.050000000000000044
595,-6.208276552146624,0.32999999999999996,-0.040000000000000036,-0.15000000000000008,-0.30000000000000004,-0.040000000000000036
596,-4.679445466140076,0.10999999999999999,-0.050000000000000044,-0.020000000000000018,-0.3500000000000001,-0.13000000000000006
597,-5.320086690132162,0.019999999999999907,-0.10000000000000003,-0.10000000000000003,-0.22000000000000003,-0.06000000000000005
598,-6.031853726109557,-0.16000000000000003,0.12,-0.06000000000000005,0.2599999999999999,-0.12000000000000005
599,-7.994048924464762,0.029999999999999916,0.009999999999999898,-0.13000000000000006,-0.30000000000000004,-0.050000000000000044
600,-5.159628052777168,-0.17000000000000004,-0.26000000000000006,0.0,-0.44000000000000006,-0.030000000000000027
601,-2.5651612045500305,0.039999999999999925,0.05999999999999994,-0.020000000000000018,-0.16000000000000003,-0.06000000000000005
602,-3.4607780760077387,-0.20000000000000007,-0.16000000000000003,-0.030000000000000027,-0.08000000000000007,-0.08000000000000007
603,-2.895082209127396,-0.050000000000000044,-0.14000000000000007,0.0,-0.18000000000000005,-0.10000000000000003
604,-7.3348669756604306,-0.15000000000000008,-0.020000000000000018,0.019999999999999907,-0.36000000000000004,-0.040000000000000036
605,-8.019283752515726,0.009999999999999898,-0.16000000000000003,0.05999999999999994,-0.26000000000000006,-0.08000000000000007
606,-6.4635156615077385,-0.040000000000000036,-0.06000000000000005,0.029999999999999916,-0.25000000000000006,-0.06000000000000005
607,-6.201776243823725,-0.14000000000000007,-0.030000000000000027,-0.030000000000000027,0.07999999999999996,-0.09000000000000008
608,-3.919667576518418,-0.06000000000000005,-0.10000000000000003,0.07999999999999996,-0.20000000000000007,-0.07000000000000006
609,-9.633744742484229,0.039999999999999925,-0.050000000000000044,0.039999999999999925,-0.18000000000000005,-0.040000000000000036
610,-3.090689392300623,-0.11000000000000004,-0.18000000000000005,0.07999999999999996,-0.42000000000000004,-0.020000000000000018
611,-6.492177991975435,0.039999999999999925,0.009999999999999898,0.07999999999999996,-0.040000000000000036,-0.09000000000000008
612,-6.997539367888454,-0.030000000000000027,-0.14000000000000007,0.019999999999999907,-0.2700000000000001,-0.06000000000000005
613,-8.089763449939676,-0.15000000000000008,-0.040000000000000036,-0.030000000000000027,-0.15000000000000008,-0.17000000000000004
614,-9.600237917845915,-0.11000000000000004,-0.13000000000000006,0.06999999999999995,-0.16000000000000003,0.029999999999999916
615,-4.393921744487272,-0.12000000000000005,-0.12000000000000005,0.10999999999999999,-0.21000000000000008,-0.08000000000000007
616,-5.811677467450821,0.019999999999999907,-0.040000000000000036,0.04999999999999993,-0.23000000000000004,-0.18000000000000005
617,-8.775425191431829,0.009999999999999898,0.04999999999999993,-0.010000000000000009,-0.29000000000000004,-0.12000000000000005
618,-8.843093345651988,0.009999999999999898,0.019999999999999907,0.019999999999999907,-0.21000000000000008,-0.07000000000000006
619,-6.999077160481107,0.07999999999999996,0.07999999999999996,0.0,-0.3500000000000001,-0.06000000000000005
620,-2.7909439927288973,0.0,-0.06000000000000005,0.04999999999999993,-0.07000000000000006,-0.10000000000000003
621,-6.695493727398084,0.039999999999999925,-0.10000000000000003,0.029999999999999916,-0.4,-0.07000000000000006
622,-9.098880443337627,-0.20000000000000007,-0.18000000000000005,0.0,-0.12000000000000005,-0.08000000000000007
623,-6.699328842714655,-0.030000000000000027,-0.040000000000000036,0.04999999999999993,-0.21000000000000008,-0.06000000000000005
624,-6.791502836981866,0.05999999999999994,0.029999999999999916,-0.020000000000000018,-0.09000000000000008,-0.10000000000000003
625,-11.513984961037686,-0.010000000000000009,-0.06000000000000005,0.039999999999999925,-0.25000000000000006,-0.10000000000000003
626,-6.391607240743448,0.019999999999999907,-0.030000000000000027,0.009999999999999898,-0.10000000000000003,-0.050000000000000044
627,-6.69667433446382,0.08999999999999997,-0.030000000000000027,-0.010000000000000009,-0.040000000000000036,-0.09000000000000008
628,-4.9281339917281795,-0.18000000000000005,-0.020000000000000018,-0.020000000000000018,-0.15000000000000008,-0.050000000000000044
629,-2.582908139194645,0.019999999999999907,-0.030000000000000027,-0.06000000000000005,-0.030000000000000027,-0.09000000000000008
630,-4.010224162038232,0.04999999999999993,-0.10000000000000003,-0.050000000000000044,-0.19000000000000006,-0.050000000000000044
631,-7.067961208922093,-0.010000000000000009,0.029999999999999916,-0.09000000000000008,0.07999999999999996,-0.020000000000000018
632,-8.593233717042416,-0.020000000000000018,0.07999999999999996,-0.06000000000000005,-0.43000000000000005,-0.07000000000000006
633,-1.2948188510398024,-0.16000000000000003,0.17999999999999994,-0.07000000000000006,-0.4,-0.050000000000000044
634,-6.246710850419134,0.19999999999999996,0.19999999999999996,-0.21000000000000008,-0.29000000000000004,-0.12000000000000005
635,-6.362311428236305,-0.050000000000000044,0.0,-0.050000000000000044,-0.14000000000000007,-0.030000000000000027
636,-6.135510612260626,-0.13000000000000006,-0.24000000000000005,-0.06000000000000005,-0.2700000000000001,-0.06000000000000005
637,-5.874611895456332,-0.07000000000000006,-0.12000000000000005,-0.11000000000000004,-0.010000000000000009,-0.08000000000000007
638,-6.707563504189374,-0.24000000000000005,-0.11000000000000004,-0.12000000000000005,-0.36000000000000004,-0.010000000000000009
639,-7.577614979254935,-0.050000000000000044,0.039999999999999925,-0.050000000000000044,-0.30000000000000004,-0.020000000000000018
640,-7.519941967670985,-0.07000000000000006,-0.10000000000000003,-0.14000000000000007,-0.10000000000000003,-0.010000000000000009
641,-6.470780382217476,-0.06000000000000005,0.0,-0.07000000000000006,0.04999999999999993,-0.06000000000000005
642,-7.338250346303607,-0.050000000000000044,-0.08000000000000007,-0.050000000000000044,-0.13000000000000006,-0.07000000000000006
643,-7.333110693605885,-0.040000000000000036,-0.18000000000000005,0.05999999999999994,-0.44000000000000006,-0.15000000000000008
644,-6.010268831679024,-0.030000000000000027,-0.16000000000000003,0.009999999999999898,-0.44000000000000006,-0.030000000000000027
645,-6.783380200411008,-0.050000000000000044,0.0,0.05999999999999994,-0.32000000000000006,-0.040000000000000036
646,-3.4454786084920523,0.06999999999999995,0.039999999999999925,-0.06000000000000005,-0.29000000000000004,-0.010000000000000009
647,-11.474044405382513,-0.10000000000000003,-0.12000000000000005,-0.030000000000000027,-0.25000000000000006,-0.08000000000000007
648,-4.309241641059792,0.019999999999999907,0.009999999999999898,-0.020000000000000018,0.1299999999999999,-0.020000000000000018
649,-3.9761985135786895,0.04999999999999993,0.029999999999999916,-0.09000000000000008,-0.07000000000000006,-0.020000000000000018
650,-10.391378751776955,0.06999999999999995,-0.09000000000000008,0.0,-0.44000000000000006,-0.06000000000000005
651,-6.926247004569463,-0.010000000000000009,-0.030000000000000027,-0.020000000000000018,-0.16000000000000003,-0.08000000000000007
652,-7.013210775186143,-0.15000000000000008,-0.09000000000000008,0.019999999999999907,0.05999999999999994,-0.06000000000000005
653,-9.128683752469673,-0.12000000000000005,-0.030000000000000027,-0.030000000000000027,-0.19000000000000006,-0.050000000000000044
654,-7.864181264695477,0.009999999999999898,-0.16000000000000003,-0.08000000000000007,-0.32000000000000006,-0.010000000000000009
655,-8.562038280045684,-0.10000000000000003,-0.10000000000000003,0.0,-0.44000000000000006,-0.010000000000000009
656,-2.590174605987555,-0.09000000000000008,-0.10000000000000003,-0.010000000000000009,-0.28,-0.12000000000000005
657,-4.269990445752371,-0.17000000000000004,-0.21000000000000008,-0.07000000000000006,-0.39,-0.07000000000000006
658,-3.7033783575429884,0.019999999999999907,-0.18000000000000005,-0.16000000000000003,-0.3500000000000001,-0.06000000000000005
659,-4.702738444757973,-0.030000000000000027,-0.15000000000000008,-0.06000000000000005,-0.32000000000000006,-0.09000000000000008
660,-8.470648829213168,-0.13000000000000006,-0.16000000000000003,-0.06000000000000005,-0.38000000000000006,-0.06000000000000005
661,-7.162301828169653,-0.15000000000000008,0.029999999999999916,-0.10000000000000003,-0.37000000000000005,-0.20000000000000007
662,-5.47954669807345,0.019999999999999907,0.0,-0.040000000000000036,-0.31000000000000005,0.009999999999999898
663,-8.788260224698373,-0.050000000000000044,0.08999999999999997,-0.030000000000000027,-0.37000000000000005,-0.07000000000000006
664,-4.888887509487616,0.25,0.22999999999999998,-0.24000000000000005,-0.19000000000000006,-0.15000000000000008
665,-6.814548095984886,-0.12000000000000005,-0.15000000000000008,-0.2700000000000001,-0.3500000000000001,-0.07000000000000006
666,-6.962012396672144,-0.07000000000000006,0.039999999999999925,-0.010000000000000009,-0.39,-0.12000000000000005
667,-4.606706151123646,0.0,0.06999999999999995,-0.040000000000000036,-0.36000000000000004,-0.22000000000000003
668,-4.930143436954216,-0.14000000000000007,-0.28,0.009999999999999898,-0.38000000000000006,-0.14000000000000007
669,-7.00667479837359,-0.050000000000000044,-0.10000000000000003,-0.020000000000000018,-0.15000000000000008,-0.030000000000000027
670,-3.9702524716098297,0.039999999999999925,-0.050000000000000044,-0.040000000000000036,-0.11000000000000004,-0.06000000000000005
671,-8.37988396417186,-0.19000000000000006,-0.15000000000000008,-0.11000000000000004,-0.42000000000000004,-0.09000000000000008
672,-4.979646212952741,-0.19000000000000006,-0.050000000000000044,0.009999999999999898,-0.16000000000000003,-0.08000000000000007
673,-4.944092386104835,-0.20000000000000007,-0.17000000000000004,-0.010000000000000009,-0.30000000000000004,-0.07000000000000006
674,-6.835959644957553,-0.06000000000000005,-0.20000000000000007,-0.030000000000000027,-0.15000000000000008,-0.010000000000000009
675,-5.796391791686777,0.029999999999999916,0.019999999999999907,-0.17000000000000004,-0.040000000000000036,-0.06000000000000005
676,-8.955996287852644,0.21999999999999997,0.06999999999999995,-0.030000000000000027,-0.43000000000000005,-0.020000000000000018
677,-4.616355108945402,-0.09000000000000008,0.029999999999999916,-0.19000000000000006,-0.25000000000000006,-0.050000000000000044
678,-6.738760329662591,-0.08000000000000007,0.05999999999999994,-0.040000000000000036,-0.26000000000000006,-0.050000000000000044
679,-7.493780772874744,-0.030000000000000027,0.04999999999999993,-0.050000000000000044,-0.07000000000000006,-0.020000000000000018
680,-4.3179926316441435,-0.08000000000000007,-0.020000000000000018,-0.030000000000000027,0.039999999999999925,-0.030000000000000027
681,-7.654090436465834,-0.23000000000000004,-0.10000000000000003,-0.030000000000000027,-0.2700000000000001,-0.06000000000000005
682,-9.271818652236085,-0.20000000000000007,-0.12000000000000005,-0.050000000000000044,-0.39,0.039999999999999925
683,-9.064413762179143,-0.17000000000000004,-0.22000000000000003,0.12,-0.26000000000000006,-0.06000000000000005
684,-4.806494283583383,-0.45000000000000007,-0.15000000000000008,0.10999999999999999,-0.43000000000000005,-0.11000000000000004
685,-9.025631687467094,-0.16000000000000003,-0.030000000000000027,-0.12000000000000005,-0.38000000000000006,-0.020000000000000018
686,-2.992531672319085,-0.09000000000000008,-0.06000000000000005,-0.010000000000000009,-0.37000000000000005,0.05999999999999994
687,-10.535312335672028,-0.21000000000000008,-0.06000000000000005,-0.12000000000000005,-0.29000000000000004,-0.050000000000000044
688,-2.783901569358401,-0.20000000000000007,-0.26000000000000006,-0.06000000000000005,-0.37000000000000005,-0.010000000000000009
689,-5.8633962127964985,-0.07000000000000006,-0.12000000000000005,-0.050000000000000044,-0.38000000000000006,-0.040000000000000036
690,-6.450803752510626,-0.21000000000000008,-0.12000000000000005,-0.020000000000000018,-0.30000000000000004,-0.040000000000000036
691,-7.18682615560148,-0.13000000000000006,-0.28,-0.030000000000000027,-0.22000000000000003,-0.010000000000000009
692,-5.530628366161267,-0.23000000000000004,-0.08000000000000007,-0.010000000000000009,-0.4,-0.030000000000000027
693,-5.9052729855466515,-0.11000000000000004,-0.3500000000000001,-0.07000000000000006,-0.32000000000000006,-0.10000000000000003
694,-3.8225579088776125,-0.12000000000000005,-0.22000000000000003,0.04999999999999993,-0.43000000000000005,-0.07000000000000006
695,-6.147393713013351,0.30999999999999994,-0.09000000000000008,0.039999999999999925,-0.09000000000000008,0.029999999999999916
696,-6.214898865290951,-0.26000000000000006,-0.010000000000000009,0.019999999999999907,-0.4,0.04999999999999993
697,-6.8413411074786445,-0.2700000000000001,-0.22000000000000003,-0.010000000000000009,-0.32000000000000006,-0.050000000000000044
698,-6.5233707484040035,0.18999999999999995,0.10999999999999999,-0.050000000000000044,-0.2700000000000001,-0.040000000000000036
699,-5.676682742920738,-0.09000000000000008,-0.09000000000000008,-0.06000000000000005,-0.41000000000000003,-0.06000000000000005
